Year,Tms,#P,PAge,R/G,ERA,G,GF,CG,SHO,tSho,SV,IP,H,R,ER,HR,BB,IBB,SO,HBP,BK,WP,BF,ERA+,WHIP,BAbip,H9,HR9,BB9,SO9,SO/W,E,Attendance,Attend/G
2017,30,640,28.8,4.66,4.34,2770,2733,37,17,143,661,24722.1,24076,12898,11923,3492,9047,551,22853,974,107,1038,105812,101,1.34,0.299,8.8,1.3,3.3,8.3,2.53,1654,"41,726,139","30,127"
2016,30,742,28.3,4.48,4.19,4856,4773,83,36,276,1276,43306.1,42276,21744,20160,5610,15088,932,38982,1651,148,1808,184580,101,1.325,0.3,8.8,1.2,3.1,8.1,2.58,2835,"73,159,044","30,131"
2015,30,735,28.4,4.25,3.96,4858,4754,104,51,339,1292,43407.2,42106,20647,19108,4909,14073,951,37446,1602,141,1758,183628,101,1.294,0.299,8.7,1,2.9,7.8,2.66,2830,"73,719,340","30,349"
2014,30,692,28.5,4.07,3.74,4860,4742,118,65,353,1264,43613.2,41595,19761,18129,4186,14020,985,37441,1652,128,1696,183929,101,1.275,0.298,8.6,0.9,2.9,7.7,2.67,2914,"73,739,622","30,345"
2013,30,679,28.4,4.17,3.87,4862,4738,124,57,331,1266,43653.1,42093,20255,18750,4661,14640,1018,36710,1536,128,1736,184873,101,1.3,0.297,8.7,1,3,7.6,2.51,2747,"74,027,037","30,451"
2012,30,662,28.4,4.32,4.01,4860,4732,128,69,310,1261,43355.1,42063,21017,19340,4934,14709,1055,36426,1494,165,1542,184179,101,1.309,0.297,8.7,1,3.1,7.6,2.48,3009,"74,859,268","30,806"
2011,30,662,28.3,4.28,3.94,4858,4685,173,75,323,1243,43527.1,42267,20808,19067,4552,15018,1231,34488,1554,169,1558,185245,101,1.316,0.295,8.7,0.9,3.1,7.1,2.3,3053,"73,425,667","30,228"
2010,30,635,28.4,4.38,4.08,4860,4695,165,59,329,1204,43305.1,42554,21308,19629,4613,15778,1216,34306,1549,182,1674,185553,101,1.347,0.297,8.8,1,3.3,7.1,2.17,3030,"73,061,763","30,066"
2009,30,664,28.4,4.61,4.32,4860,4708,152,63,273,1202,43272,43524,22419,20779,5042,16620,1179,33591,1590,138,1600,187079,101,1.39,0.299,9.1,1,3.5,7,2.02,2857,"73,430,580","30,218"
2008,30,651,28.6,4.65,4.32,4856,4720,136,54,271,1184,43357.2,43972,22585,20830,4878,16337,1310,32884,1672,153,1576,187631,101,1.391,0.3,9.1,1,3.4,6.8,2.01,2965,"78,624,315","32,382"
2007,30,666,28.7,4.8,4.47,4862,4750,112,43,243,1198,43425.2,44977,23322,21583,4957,16079,1323,32189,1755,139,1498,188623,101,1.406,0.302,9.3,1,3.3,6.7,2,2988,"79,484,718","32,696"
2006,30,635,28.8,4.86,4.53,4858,4714,144,63,260,1201,43258,45073,23599,21758,5386,15847,1410,31655,1817,145,1522,188071,100,1.408,0.301,9.4,1.1,3.3,6.6,2,3067,"76,043,902","31,306"
2005,30,606,29.2,4.59,4.29,4862,4673,189,63,261,1254,43232.1,43991,22325,20612,5017,15207,1216,30644,1797,161,1439,186292,101,1.369,0.295,9.2,1,3.2,6.4,2.02,3060,"74,915,268","30,816"
2004,30,632,29.1,4.81,4.46,4856,4706,150,69,251,1230,43394,44522,23376,21527,5451,16222,1381,31828,1850,157,1478,188539,101,1.4,0.297,9.2,1.1,3.4,6.6,1.96,3166,"73,022,972","30,075"
2003,30,612,28.7,4.73,4.4,4860,4651,209,72,259,1198,43335.1,44057,22978,21185,5207,15889,1316,30801,1849,158,1546,187449,101,1.383,0.294,9.1,1.1,3.3,6.4,1.94,3171,"67,630,052","27,831"
2002,30,609,28.8,4.62,4.28,4852,4638,214,87,275,1224,43269,43272,22408,20570,5059,16246,1452,31394,1746,160,1494,186615,101,1.376,0.293,9,1.1,3.4,6.5,1.93,3225,"67,944,389","28,006"
2001,30,591,28.7,4.78,4.42,4858,4659,199,74,229,1210,43287.1,43879,23199,21247,5458,15806,1384,32404,1890,151,1484,186976,100,1.379,0.296,9.1,1.1,3.3,6.7,2.05,3357,"72,581,101","29,881"
2000,30,606,28.8,5.14,4.77,4858,4624,234,72,204,1178,43244.1,45246,24971,22918,5693,18237,1210,31356,1573,161,1518,190261,101,1.468,0.3,9.4,1.2,3.8,6.5,1.72,3447,"71,358,907","29,377"
1999,30,585,28.8,5.08,4.71,4856,4619,237,64,193,1217,43211.1,45327,24691,22607,5528,17891,1107,31119,1579,177,1632,189692,101,1.463,0.302,9.4,1.2,3.7,6.5,1.74,3508,"70,139,380","28,887"
1998,30,557,28.8,4.79,4.43,4864,4562,302,101,244,1265,43434.2,44489,23297,21387,5064,16447,1067,31893,1587,205,1603,188280,101,1.403,0.299,9.2,1,3.4,6.6,1.94,3444,"70,601,147","29,030"
1997,28,534,28.5,4.77,4.39,4532,4266,266,89,211,1139,40454,41471,21604,19729,4640,15666,1169,29937,1449,188,1482,175541,100,1.412,0.301,9.2,1,3.5,6.7,1.91,3237,"63,168,689","27,876"
1996,28,538,28.4,5.04,4.61,4534,4244,290,84,196,1116,40560.2,42320,22831,20780,4962,16093,1343,29308,1404,197,1553,177261,101,1.44,0.301,9.4,1.1,3.6,6.5,1.82,3356,"60,097,381","26,509"
1995,28,552,28.3,4.85,4.45,4034,3759,275,88,204,1006,36032,36975,19554,17822,4081,14240,1105,25425,1219,199,1414,156703,101,1.421,0.298,9.2,1,3.6,6.4,1.79,2911,"50,469,236","25,021"
1994,28,470,28.6,4.92,4.51,3200,2945,255,69,143,777,28586.1,29743,15752,14330,3306,11131,1008,19766,876,174,1162,124483,101,1.43,0.3,9.4,1,3.5,6.2,1.78,2360,"50,010,016","31,256"
1993,28,507,28.5,4.6,4.19,4538,4167,371,99,220,1192,40507,41088,20864,18861,4030,15110,1477,26310,1200,298,1473,174564,101,1.387,0.294,9.1,0.9,3.4,5.8,1.74,3483,"70,257,938","30,964"
1992,26,441,28.6,4.12,3.75,4212,3793,419,146,298,1109,37829.2,36544,17341,15744,3038,13682,1315,23538,980,219,1296,160545,100,1.328,0.285,8.7,0.7,3.3,5.6,1.72,3057,"55,870,466","26,529"
1991,26,475,28.3,4.31,3.91,4208,3842,366,107,272,1132,37769.2,36558,18127,16414,3383,13984,1228,24390,905,241,1391,160746,101,1.338,0.285,8.7,0.8,3.3,5.8,1.74,3131,"56,813,760","27,002"
1990,26,483,28.4,4.26,3.86,4210,3781,429,140,260,1113,37563.2,36817,17919,16116,3317,13852,1384,23853,861,288,1355,160316,101,1.349,0.287,8.8,0.8,3.3,5.7,1.72,3180,"54,823,768","26,044"
1989,26,449,28.6,4.13,3.71,4212,3729,483,152,292,1069,37715,36293,17405,15551,3083,13528,1446,23650,801,407,1286,160033,101,1.321,0.283,8.7,0.7,3.2,5.6,1.75,3352,"55,173,096","26,198"
1988,26,438,28.5,4.14,3.73,4200,3578,622,182,292,1049,37667.2,36244,17380,15626,3180,12984,1367,23355,918,924,1262,159380,101,1.307,0.282,8.7,0.8,3.1,5.6,1.8,3243,"52,998,904","25,237"
1987,26,426,28.4,4.72,4.29,4210,3649,561,138,212,971,37574.2,37895,19883,17925,4458,14389,1287,25099,842,356,1333,161922,101,1.391,0.289,9.1,1.1,3.4,6,1.74,3298,"52,011,506","24,708"
1986,26,416,28.3,4.41,3.97,4206,3627,579,139,236,1004,37674.1,36880,18545,16629,3813,14227,1289,24706,812,289,1323,160858,100,1.357,0.286,8.8,0.9,3.4,5.9,1.74,3450,"47,506,203","22,589"
1985,26,413,28.3,4.33,3.89,4206,3579,627,163,257,977,37658.2,36778,18216,16292,3602,13838,1337,22451,699,227,1140,160320,100,1.344,0.281,8.8,0.9,3.3,5.4,1.62,3424,"46,824,379","22,265"
1984,26,393,28.3,4.26,3.81,4210,3578,632,151,254,993,37704.2,37381,17921,15965,3258,13320,1270,22500,668,283,1129,160566,101,1.345,0.286,8.9,0.8,3.2,5.4,1.69,3527,"44,742,863","21,255"
1983,26,390,28.5,4.31,3.87,4218,3473,745,180,248,977,37742,37443,18170,16241,3301,13518,1379,21716,717,266,1076,160615,100,1.35,0.285,8.9,0.8,3.2,5.2,1.61,3498,"45,540,338","21,593"
1982,26,376,28.5,4.3,3.86,4214,3480,734,161,238,932,37878.1,37651,18110,16258,3379,13302,1319,21221,677,256,1091,161104,100,1.345,0.284,8.9,0.8,3.2,5,1.6,3452,"44,587,874","21,161"
1981,26,360,28.3,4,3.58,2788,2278,510,135,220,605,25095,24157,11147,9992,1781,8868,895,13237,464,181,715,105892,101,1.316,0.279,8.7,0.6,3.2,4.7,1.49,2304,"26,544,376","19,041"
1980,26,379,28,4.29,3.84,4210,3354,856,189,264,902,37861.1,38144,18053,16162,3087,13190,1435,20212,657,257,1031,161210,101,1.356,0.287,9.1,0.7,3.1,4.8,1.53,3609,"43,014,136","20,434"
1979,26,390,27.8,4.46,4,4198,3283,913,175,237,840,37478.1,37911,18713,16669,3433,13601,1366,20035,754,166,1146,160378,101,1.374,0.286,9.1,0.8,3.3,4.8,1.47,3631,"43,550,398","20,748"
1978,26,369,27.6,4.1,3.69,4204,3170,1034,238,305,804,37496.2,36508,17251,15361,2956,13566,1338,20058,772,273,1054,159192,100,1.335,0.28,8.8,0.7,3.3,4.8,1.48,3618,"40,636,886","19,332"
1977,26,371,27.4,4.47,4,4206,3299,907,176,238,845,37739,38037,18803,16770,3644,13757,1297,21722,791,235,1166,161545,100,1.372,0.287,9.1,0.9,3.3,5.2,1.58,3710,"38,709,779","18,406"
1976,24,325,27.5,3.99,3.51,3878,2839,1039,261,325,683,34925.2,33598,15492,13637,2235,12391,1156,18745,684,176,1047,147598,100,1.317,0.281,8.7,0.6,3.2,4.8,1.51,3459,"31,318,331","16,151"
1975,24,339,27.6,4.21,3.71,3868,2816,1052,223,266,669,34724,33863,16295,14316,2699,13402,1338,19280,761,204,1158,148621,100,1.361,0.282,8.8,0.7,3.5,5,1.44,3710,"29,789,913","15,403"
1974,24,344,27.6,4.12,3.63,3890,2801,1089,227,286,517,34942.1,33969,16046,14083,2649,12963,1353,19495,774,186,1086,148855,100,1.343,0.282,8.7,0.7,3.3,5,1.5,3595,"30,025,608","15,437"
1973,24,330,27.5,4.21,3.75,3886,2825,1061,236,293,819,34878.2,34010,16376,14518,3102,13100,1357,20358,755,95,1199,148789,101,1.351,0.281,8.8,0.8,3.4,5.3,1.55,3447,"30,108,926","15,496"
1972,24,339,27.2,3.69,3.26,3718,2709,1009,295,357,733,33450.1,30434,13706,12133,2534,11727,1378,20718,751,92,1069,139958,100,1.26,0.272,8.2,0.7,3.2,5.6,1.77,3154,"26,968,268","14,506"
1971,24,343,27.1,3.89,3.47,3876,2794,1082,265,315,689,34767,32547,15073,13400,2863,12536,1396,20956,821,97,1115,146700,100,1.297,0.276,8.4,0.7,3.2,5.4,1.67,3125,"29,193,417","15,063"
1970,24,363,27.1,4.34,3.89,3888,3036,852,188,234,878,34858.2,33555,16880,15051,3429,13727,1464,22374,825,128,1249,149324,100,1.356,0.281,8.7,0.9,3.5,5.8,1.63,3327,"28,747,333","14,787"
1969,24,360,27.1,4.07,3.61,3892,2910,982,242,300,745,34890.2,32581,15850,14007,3119,13429,1436,22473,882,131,1284,148192,100,1.319,0.276,8.4,0.8,3.5,5.8,1.67,3430,"27,229,666","13,992"
1968,20,287,27.2,3.42,2.98,3250,2353,897,279,339,601,29233.2,25710,11109,9687,1995,9156,1223,19143,778,83,1007,120823,101,1.193,0.269,7.9,0.6,2.8,5.9,2.09,2762,"23,102,745","14,217"
1967,20,315,27.2,3.77,3.3,3240,2458,782,226,274,649,29184.1,26464,12210,10711,2299,9665,1295,19413,751,101,985,121848,101,1.238,0.274,8.2,0.7,3,6,2.01,2733,"24,308,353","15,005"
1966,20,310,27.4,3.99,3.52,3230,2494,736,194,246,666,29044,27207,12900,11363,2743,9331,1088,18805,682,96,1039,121688,101,1.258,0.276,8.4,0.8,2.9,5.8,2.02,2860,"25,182,209","15,592"
1965,20,299,27.7,3.99,3.5,3246,2507,739,191,243,674,29182.1,26952,12946,11345,2688,10036,1130,19283,720,72,1046,122763,101,1.267,0.274,8.3,0.8,3.1,5.9,1.92,2845,"22,441,900","13,827"
1964,20,311,27.7,4.04,3.58,3252,2455,797,221,269,669,29138.1,27669,13124,11592,2762,9621,1015,19212,694,65,979,122993,101,1.28,0.279,8.5,0.9,3,5.9,2,2847,"21,280,341","13,087"
1963,20,299,28,3.95,3.46,3238,2373,865,234,275,588,29105.1,27043,12780,11186,2704,9591,933,18773,714,194,914,122356,101,1.259,0.273,8.4,0.8,3,5.8,1.96,2924,"20,477,074","12,647"
1962,20,304,27.7,4.46,3.96,3242,2398,844,168,199,616,29005,28521,14461,12748,3001,10936,818,17567,709,92,949,124551,100,1.36,0.281,8.8,0.9,3.4,5.5,1.61,2919,"21,375,215","13,186"
1961,18,254,27.6,4.53,4.03,2860,2115,745,154,173,501,25453.1,25066,12942,11390,2730,9897,732,14952,573,63,780,109572,101,1.374,0.279,8.9,1,3.5,5.3,1.51,2673,"18,894,518","13,212"
1960,16,238,27.6,4.31,3.82,2472,1807,665,140,159,430,22203.1,21434,10664,9417,2128,8384,730,12817,488,55,604,94776,101,1.343,0.277,8.7,0.9,3.4,5.2,1.53,2169,"19,911,489","16,109"
1959,16,243,27.9,4.38,3.9,2476,1734,742,158,171,387,22100.1,21636,10853,9587,2250,8184,707,12606,496,60,557,94722,101,1.349,0.275,8.8,0.9,3.3,5.1,1.54,2224,"19,143,979","15,463"
1958,16,250,28,4.28,3.86,2470,1727,743,132,145,410,22049.2,21621,10578,9458,2241,8127,680,12228,499,70,526,94149,101,1.349,0.277,8.8,0.9,3.3,5,1.5,2085,"17,460,630","14,138"
1957,16,249,28,4.31,3.83,2470,1760,710,139,153,391,22344.1,21865,10636,9516,2202,8175,740,11964,511,46,480,95395,100,1.344,0.275,8.8,0.9,3.3,4.8,1.46,2119,"17,015,819","13,777"
1956,16,241,28.5,4.45,3.96,2478,1720,758,127,137,365,22095,21653,11031,9734,2294,9000,783,11507,481,43,492,95233,100,1.387,0.274,8.8,0.9,3.7,4.7,1.28,2252,"16,543,250","13,352"
1955,16,258,28.2,4.49,4,2468,1720,748,159,178,362,22011,21610,11069,9781,2225,9048,736,10825,506,36,477,95024,101,1.393,0.272,8.8,0.9,3.7,4.4,1.2,2224,"16,617,383","13,466"
1954,16,225,28.5,4.38,3.9,2474,1632,840,166,176,358,22126.2,21908,10827,9581,1937,9033,,10215,441,45,402,95541,101,1.398,0.275,8.9,0.8,3.7,4.2,1.13,2274,"15,935,883","12,882"
1953,16,218,29.2,4.61,4.14,2480,1616,864,156,169,344,22032,22459,11426,10135,2076,8689,,10218,487,50,464,95421,100,1.414,0.28,9.2,0.8,3.5,4.2,1.18,2252,"14,383,797","11,599"
1952,16,236,29.2,4.18,3.7,2478,1530,948,179,193,306,22206,21267,10349,9136,1701,8787,,10394,483,40,405,94809,100,1.353,0.271,8.6,0.7,3.6,4.2,1.18,2273,"14,633,044","11,810"
1951,16,220,28.9,4.55,4.04,2478,1540,938,165,174,277,22208.1,22191,11268,9967,1863,9258,,9341,449,65,442,96005,101,1.416,0.275,9,0.8,3.8,3.8,1.01,2400,"16,126,676","13,015"
1950,16,231,28.5,4.85,4.36,2476,1479,997,138,143,287,21972.2,22559,12013,10641,2073,9955,,9565,436,123,433,96363,100,1.48,0.28,9.2,0.8,4.1,3.9,0.96,2341,"17,462,977","14,105"
1949,16,214,28.7,4.61,4.12,2480,1501,979,171,177,246,22038.2,22144,11422,10085,1704,10020,,8946,370,56,449,95844,100,1.459,0.277,9,0.7,4.1,3.7,0.89,2289,"20,215,365","16,302"
1948,16,235,28.6,4.57,4.12,2474,1577,897,141,148,314,21932,22219,11312,10037,1555,9625,,9021,337,47,433,95490,101,1.452,0.28,9.1,0.6,3.9,3.7,0.94,2356,"20,920,842","16,912"
1947,16,231,29.3,4.35,3.89,2486,1525,961,175,184,291,22043.1,21993,10826,9516,1565,9209,,9133,306,51,395,94932,101,1.415,0.276,9,0.6,3.8,3.7,0.99,2234,"19,874,539","15,989"
1946,16,275,29.7,4.01,3.46,2484,1431,1053,196,209,228,22147.1,21541,9955,8514,1215,8783,,9657,314,36,347,94990,101,1.369,0.277,8.8,0.5,3.6,3.9,1.1,2562,"18,523,289","14,914"
1945,16,236,30.2,4.18,3.58,2460,1320,1140,186,193,219,21988,21981,10275,8752,1007,8296,,8051,355,53,359,94745,101,1.377,0.278,9,0.4,3.4,3.3,0.97,2707,"10,841,123","8,813"
1944,16,226,29.8,4.17,3.52,2484,1361,1123,177,183,220,22325.2,22302,10366,8733,1034,7923,,8163,342,44,388,95660,101,1.354,0.278,9,0.4,3.2,3.3,1.03,2791,"8,772,746","7,063"
1943,16,219,29.7,3.91,3.33,2476,1381,1095,196,207,253,22402.2,21466,9669,8297,905,8351,,8562,328,56,354,95091,100,1.331,0.272,8.6,0.4,3.4,3.4,1.03,2619,"7,465,911","6,030"
1942,16,215,29,4.08,3.48,2448,1320,1128,177,182,198,21952,21170,9996,8499,1071,8385,,8334,337,44,388,93929,101,1.346,0.27,8.7,0.4,3.4,3.4,0.99,2718,"8,553,569","6,988"
1941,16,228,29,4.49,3.89,2488,1403,1085,162,164,222,22199.1,22534,11171,9595,1331,8891,,8836,311,33,481,96474,101,1.416,0.28,9.1,0.5,3.6,3.6,0.99,2783,"9,689,603","7,789"
1940,16,224,29,4.68,4.11,2472,1378,1094,138,143,233,22051.2,23003,11570,10080,1571,8265,,9056,351,51,457,95915,100,1.418,0.284,9.4,0.6,3.4,3.7,1.1,2837,"9,823,484","7,947"
1939,16,229,29,4.82,4.27,2462,1435,1027,128,133,255,21826,23369,11870,10347,1445,8478,,8518,354,49,444,95917,100,1.459,0.291,9.6,0.6,3.5,3.5,1,2839,"8,977,779","7,293"
1938,16,214,28.9,4.89,4.28,2446,1356,1090,125,130,211,21658.1,23290,11966,10306,1475,8629,,8342,347,45,410,95337,100,1.474,0.29,9.7,0.6,3.6,3.5,0.97,2752,"9,006,511","7,364"
1937,16,208,29,4.87,4.27,2478,1361,1115,137,140,215,21907.1,23768,12069,10386,1430,8442,,9006,320,41,397,96117,100,1.47,0.296,9.8,0.6,3.5,3.7,1.07,2789,"8,940,063","7,215"
1936,16,207,28.7,5.2,4.52,2476,1401,1075,118,122,235,22043.2,24849,12863,11079,1364,8415,,8233,413,41,557,97857,100,1.509,0.301,10.1,0.6,3.4,3.4,0.98,2915,"8,082,613","6,528"
1935,16,201,28.5,4.9,4.24,2456,1364,1092,149,151,208,21880,24060,12029,10299,1325,7830,,8016,381,37,419,96186,101,1.457,0.295,9.9,0.5,3.2,3.3,1.02,2875,"7,345,316","5,981"
1934,16,202,28.8,4.9,4.28,2446,1386,1060,137,142,238,21711,23968,11993,10326,1344,7850,,8429,341,41,427,95515,100,1.466,0.297,9.9,0.6,3.3,3.5,1.07,2782,"6,963,711","5,693"
1933,16,184,29.4,4.48,3.81,2452,1340,1112,166,168,223,21900.1,22966,10975,9263,1067,7349,,7443,352,35,392,94690,100,1.384,0.285,9.4,0.4,3,3.1,1.01,2721,"6,089,031","4,966"
1932,16,196,29.1,4.91,4.18,2466,1340,1126,118,121,193,22126.1,24106,12108,10270,1358,7540,,7858,367,41,368,96601,101,1.43,0.292,9.8,0.6,3.1,3.2,1.04,2931,"6,974,566","5,656"
1931,16,189,29.2,4.81,4.12,2472,1284,1188,132,134,201,21990.2,24039,11892,10073,1069,7669,,7908,370,42,347,96257,100,1.442,0.296,9.8,0.4,3.1,3.2,1.03,2983,"8,467,107","6,850"
1930,16,199,28.9,5.55,4.81,2468,1373,1095,92,93,229,21862,25602,13689,11684,1565,7645,,7931,402,36,368,97219,100,1.521,0.307,10.5,0.6,3.1,3.3,1.04,3042,"10,132,262","8,210"
1929,16,206,29.3,5.19,4.48,2458,1290,1168,120,122,215,21853.1,24643,12754,10867,1349,8010,,7038,403,44,355,96383,100,1.494,0.303,10.1,0.6,3.3,2.9,0.88,2937,"9,588,183","7,801"
1928,16,210,29.1,4.72,4.01,2462,1289,1173,132,132,223,21999.2,23711,11617,9814,1093,7662,,7092,462,26,286,95488,100,1.426,0.296,9.7,0.4,3.1,2.9,0.93,2993,"9,102,285","7,394"
1927,16,210,29.2,4.75,4.02,2472,1275,1197,127,128,197,22011,23991,11751,9843,922,7441,,6895,486,43,337,95576,101,1.428,0.301,9.8,0.4,3,2.8,0.93,3211,"9,922,868","8,028"
1926,16,198,29,4.63,3.92,2468,1313,1155,133,134,198,21913.1,23516,11432,9545,863,7676,,6815,473,40,312,95072,100,1.423,0.298,9.7,0.4,3.2,2.8,0.89,3134,"9,832,982","7,968"
1925,16,207,29.1,5.13,4.33,2456,1249,1207,106,108,174,21832,24918,12596,10507,1169,7768,,6689,501,35,348,96255,100,1.497,0.306,10.3,0.5,3.2,2.8,0.86,3291,"9,540,555","7,769"
1924,16,218,28.4,4.75,4.05,2462,1266,1196,137,137,173,21940,24213,11701,9866,896,7352,,6624,548,53,338,95347,100,1.439,0.302,9.9,0.4,3,2.7,0.9,3053,"9,596,083","7,795"
1923,16,206,28.3,4.81,3.99,2466,1247,1219,123,128,174,22089,24194,11866,9788,980,7596,,7007,605,40,354,96168,100,1.439,0.3,9.9,0.4,3.1,2.9,0.92,3337,"8,672,406","7,033"
1922,16,207,27.7,4.86,4.06,2476,1234,1241,145,147,171,22097.1,24578,12043,9980,1055,7218,,6935,609,55,381,96172,100,1.439,0.304,10,0.4,2.9,2.8,0.96,3218,"8,816,175","7,121"
1921,16,202,27.6,4.85,4.03,2458,1185,1273,120,126,184,22002.2,24752,11920,9855,937,6825,,6962,563,50,360,95600,100,1.435,0.308,10.1,0.4,2.8,2.8,1.02,3411,"8,607,312","7,003"
1920,16,208,27.7,4.36,3.46,2468,1072,1396,183,188,147,22263,23278,10766,8552,630,6824,,7269,551,50,416,93119,101,1.352,0.295,9.4,0.3,2.8,2.9,1.07,3494,"9,120,875","7,391"
1919,16,197,27.6,3.87,3.07,2236,929,1301,189,192,100,20109.1,19599,8655,6849,447,5981,,6870,533,43,374,82721,101,1.272,0.283,8.8,0.2,2.7,3.1,1.15,3186,"6,532,439","5,842"
1918,16,203,27.2,3.63,2.77,2032,749,1280,196,204,113,18393,17064,7380,5656,235,5728,,5875,458,23,299,75732,101,1.239,0.274,8.3,0.1,2.8,2.9,1.03,3064,"3,080,126","3,031"
1917,16,175,26.7,3.58,2.68,2494,1113,1380,248,258,163,22503.2,20351,8932,6707,335,6888,,8641,577,38,415,91106,101,1.21,0.271,8.1,0.1,2.8,3.5,1.25,3746,"5,219,994","4,186"
1916,16,187,26.6,3.56,2.72,2494,1181,1314,233,244,182,22511.1,20311,8888,6800,383,7088,,9525,625,50,500,90990,101,1.217,0.275,8.1,0.2,2.8,3.8,1.34,3783,"6,503,519","5,215"
1915,24,285,26.7,3.81,2.9,3728,1666,2057,348,359,237,33325.1,30459,14215,10746,635,11123,,14115,1010,69,734,135457,101,1.248,0.277,8.2,0.2,3,3.8,1.27,5876,"4,864,826","2,609"
1914,24,264,26.5,3.86,2.91,3760,1681,2067,341,357,238,33509,31108,14530,10823,710,11145,,14953,1000,50,799,136801,101,1.261,0.278,8.4,0.2,3,4,1.34,6438,"4,454,988","2,369"
1913,16,229,26.3,4.04,3.07,2468,1143,1319,196,204,165,22067.2,21025,9965,7517,470,7322,,9459,691,50,516,90859,101,1.285,0.282,8.6,0.2,3,3.9,1.29,4045,"6,358,336","5,152"
1912,16,238,26.5,4.52,3.37,2464,1022,1432,160,166,134,21880,21991,11148,8189,442,7662,,9786,719,45,560,91716,101,1.355,,9,0.2,3.2,4,1.28,4470,"5,999,390","4,869"
1911,16,213,26.8,4.51,3.36,2474,1034,1438,167,172,137,22044,21894,11157,8242,514,7917,,9885,837,49,539,91535,101,1.352,,8.9,0.2,3.2,4,1.25,4535,"6,571,282","5,312"
1910,16,202,27.1,3.84,2.77,2498,951,1551,233,242,125,22373.2,20328,9589,6882,361,7487,,9789,805,34,540,89841,101,1.243,,8.2,0.1,3,3.9,1.31,4440,"6,206,447","4,969"
1909,16,203,27,3.55,2.53,2482,868,1619,273,279,114,22213,19641,8811,6244,259,6663,,9355,767,38,565,88590,101,1.184,,8,0.1,2.7,3.8,1.4,4489,"7,236,290","5,831"
1908,16,172,27.9,3.38,2.37,2488,810,1677,289,296,108,22310,19242,8421,5866,267,6119,,9110,768,30,471,88555,101,1.137,,7.8,0.1,2.5,3.7,1.49,4234,"7,123,474","5,726"
1907,16,161,28.1,3.53,2.5,2466,637,1828,280,290,90,21823.1,19657,8711,6068,244,6312,,8696,775,20,469,87494,101,1.19,,8.1,0.1,2.6,3.6,1.38,4241,"6,038,984","4,897"
1906,16,155,27.9,3.62,2.66,2456,546,1910,277,284,86,21706,19701,8883,6409,261,6258,,9098,770,28,462,87541,100,1.196,,8.2,0.1,2.6,3.8,1.45,4243,"5,719,289","4,657"
1905,16,144,27.6,3.9,2.82,2474,499,1976,224,231,44,21980.2,20219,9651,6887,338,6272,,9569,830,22,541,88956,101,1.205,,8.3,0.1,2.6,3.9,1.53,4539,"5,855,062","4,733"
1904,16,129,27.5,3.73,2.66,2498,308,2186,249,251,39,21998.2,20358,9307,6505,331,5742,,9303,801,47,508,89520,100,1.186,,8.3,0.1,2.3,3.8,1.62,4704,"5,688,299","4,554"
1903,16,141,27.2,4.44,3.11,2228,323,1909,167,168,49,19643,19770,9899,6792,335,5445,,7966,764,12,447,81634,100,1.284,,9.1,0.2,2.5,3.6,1.46,4679,"4,735,250","4,250"
1902,16,160,26.6,4.43,3.17,2234,276,1954,158,160,33,19726.1,20350,9896,6948,354,5442,,6656,770,16,412,82560,101,1.307,,9.3,0.2,2.5,3,1.22,4749,"3,889,466","3,482"
1901,16,139,26.4,4.99,3.49,2220,305,1913,122,124,35,19543,20957,11069,7573,455,5465,,6977,873,18,467,83506,100,1.352,,9.7,0.2,2.5,3.2,1.28,5331,"3,603,615","3,246"
1900,8,70,27.1,5.21,3.69,1138,201,934,68,68,12,9914,10925,5932,4070,254,3034,,2697,530,16,220,42723,100,1.408,,9.9,0.2,2.8,2.4,0.89,2757,"1,829,490","3,215"
1899,12,119,26.3,5.24,3.85,1846,249,1593,89,90,33,15888.1,17741,9672,6793,352,4979,,3867,894,61,361,68816,100,1.43,,10,0.2,2.8,2.2,0.78,4457,"2,541,485","2,753"
1898,12,113,25.8,4.96,3.6,1842,231,1609,85,87,17,15954.2,16955,9129,6387,299,5092,,4247,888,15,381,68706,101,1.382,,9.6,0.2,2.9,2.4,0.83,4387,"2,372,089","2,575"
1897,12,98,25.6,5.88,4.3,1622,252,1362,49,51,26,14004,16523,9536,6693,368,4729,,3734,750,8,401,62211,100,1.518,,10.6,0.2,3,2.4,0.79,4029,"2,886,842","3,559"
1896,12,108,25.8,6.04,4.36,1584,278,1306,55,57,28,13762,16141,9560,6665,404,4854,,3523,636,4,411,61138,100,1.526,,10.6,0.3,3.2,2.3,0.73,4081,"2,900,973","3,662"
1895,12,105,25.4,6.58,4.77,1598,307,1287,46,46,45,13807,16827,10514,7322,488,5120,,3623,668,4,396,62634,100,1.59,,11,0.3,3.3,2.4,0.71,4619,"2,889,271","3,616"
1894,12,115,25.3,7.38,5.33,1598,297,1299,29,31,37,13831.1,17809,11796,8187,629,5868,,3333,602,3,488,64114,100,1.712,,11.6,0.4,3.8,2.2,0.57,4853,"2,427,573","3,038"
1893,12,98,25.2,6.57,4.66,1570,276,1294,43,43,32,13864.1,15913,10315,7180,460,6143,,3342,639,6,521,63724,100,1.591,,10.3,0.3,4,2.2,0.54,4581,"2,224,752","2,834"
1892,12,92,25.3,5.09,3.28,1842,213,1623,89,90,24,16106.2,15643,9382,5878,417,6178,,5978,561,1,603,70683,100,1.355,,8.7,0.2,3.5,3.3,0.97,5580,"1,822,587","1,978"
1891,17,126,24.7,5.7,3.53,2218,318,1898,95,99,49,19453.2,19709,12635,7620,585,8035,,7656,985,6,1013,86760,100,1.426,,9.1,0.3,3.7,3.5,0.95,7053,"1,332,730","1,201"
1890,25,186,24.6,6.02,3.88,3222,338,2880,134,135,48,28168,29445,19383,12150,764,11721,,10946,1348,23,1598,126492,100,1.461,,9.4,0.2,3.7,3.5,0.93,10696,"776,042",482
1889,16,122,24.6,5.96,3.93,2180,246,1930,91,91,38,19020.1,20108,12986,8310,667,7317,,7685,793,1,1131,84510,100,1.442,,9.5,0.3,3.5,3.6,1.05,7460,,
1888,16,117,24.1,4.87,2.95,2184,78,2102,154,154,11,19261.2,18001,10633,6304,521,4726,,8234,830,8,1333,81057,100,1.18,,8.4,0.2,2.2,3.8,1.74,7517,,
1887,16,130,24.4,6.34,4.17,2116,95,2017,73,73,17,18370,20225,13413,8517,606,6052,,5915,751,10,1298,81427,100,1.43,,9.9,0.3,3,2.9,0.98,8063,,
1886,16,131,24.9,5.47,3.37,2104,94,2004,101,103,11,18282,17975,11513,6847,413,5573,,9051,310,7,1468,78967,100,1.288,,8.8,0.2,2.7,4.5,1.62,7927,,
1885,16,108,24.6,5.22,3.03,1780,70,1710,110,113,14,15720.1,15308,9292,5296,323,3529,,6704,333,37,1212,66607,100,1.198,,8.8,0.2,2,3.8,1.9,7009,,
1884,33,205,24.2,5.42,3.11,3088,189,2885,194,194,18,26945,26592,16740,9305,689,4947,,14837,472,13,2183,115408,100,1.17,,8.9,0.2,1.7,5,3,14555,,
1883,16,86,25.2,5.75,3.22,1570,121,1449,74,75,13,13875.2,14828,9030,4958,238,2329,,5294,,1,786,60043,100,1.236,,9.6,0.2,1.5,3.4,2.27,7669,,
1882,14,69,25,5.33,2.8,1144,62,1080,66,66,2,10149.2,10332,6092,3161,178,1589,,3341,,1,598,42967,100,1.175,,9.2,0.2,1.4,3,2.1,5438,,
1881,8,29,23.5,5.1,2.77,672,41,631,52,52,3,5988.1,6331,3425,1846,76,1036,,1784,,4,343,25411,100,1.23,,9.5,0.1,1.6,2.7,1.72,2782,,
1880,8,32,22.7,4.69,2.37,680,72,608,51,52,13,6031.1,5943,3191,1591,62,739,,1989,,0,294,25041,101,1.108,,8.9,0.1,1.1,3,2.69,2949,,
1879,8,25,23,5.31,2.5,642,33,609,44,45,2,5797,6171,3409,1608,58,508,,1843,,0,363,24666,100,1.152,,9.6,0.1,0.8,2.9,3.63,3127,,
1878,6,21,21.9,5.17,2.3,368,16,352,25,25,1,3324,3537,1904,851,23,364,,1081,,0,236,14017,100,1.174,,9.6,0.1,1,2.9,2.97,1778,,
1877,6,19,24.2,5.67,2.81,360,34,326,20,20,4,3241,3705,2040,1011,24,346,,726,,0,202,14009,100,1.25,,10.3,0.1,1,2,2.1,1858,,
1876,8,34,24.4,5.9,2.31,520,48,472,46,47,13,4739.1,5338,3066,1215,40,336,,589,,0,187,20536,101,1.197,,10.1,0.1,0.6,1.1,1.75,3124,,
1875,13,42,24.1,6.14,2.23,690,69,621,49,51,18,6190.1,6812,4234,1531,40,249,,675,,5,330,27082,101,1.141,,9.9,0.1,0.4,1,2.71,4802,,
1874,8,17,24.7,7.48,2.19,464,25,439,15,15,3,4169.2,5224,3470,1015,40,238,,357,,0,127,19342,100,1.31,,11.3,0.1,0.5,0.8,1.5,3775,,
1873,9,25,23.5,8.99,3.4,398,36,362,8,8,9,3584.2,4926,3580,1353,47,335,,278,,1,124,17294,100,1.468,,12.4,0.1,0.8,0.7,0.83,3191,,
1872,11,21,22.7,9.26,3.66,366,39,327,10,11,7,3286,4467,3390,1335,37,263,,265,,2,202,15928,100,1.439,,12.2,0.1,0.7,0.7,1.01,2746,,
1871,9,19,24.6,10.47,4.22,254,23,231,4,4,4,2250,3101,2659,1055,47,393,,175,,2,208,11215,100,1.553,,12.4,0.2,1.6,0.7,0.45,1934,,